observation_id,rd_id,ev_id,observed_value,confidence,source_id,page,figure,extraction_date,notes
1,RD-0001,EV001,82mm maximum diameter; face dimensions 38mm x 38mm,B,PUB-0006,BH-692011,,2026-08-07,
2,RD-0001,EV002,247.23 g,B,PUB-0006,BH-692011,,2026-08-07,
3,RD-0001,EV003,3 mm (plate thickness),B,PUB-0006,BH-692011,,2026-08-07,
4,RD-0001,EV004,Smallest hole 13.7mm; largest hole 20mm; all 12 faces perforated with varying diameters,B,PUB-0006,BH-692011,,2026-08-07,Individual face-by-face diameters not listed in PAS record
5,RD-0001,EV006,Slightly bevelled rounded edges on all perforations,B,PUB-0006,BH-692011,,2026-08-07,
6,RD-0001,EV008,"Knob height approx. 9mm; diameter 9-10mm; triangular cross-section at base, sub-spherical form",B,PUB-0006,BH-692011,,2026-08-07,"20 knobs present; upper layer missing on several, revealing red corrosion"
7,RD-0001,EV009,All 20 knobs triangular-base sub-spherical; consistent form across specimen,B,PUB-0006,BH-692011,,2026-08-07,
8,RD-0001,EV010,All 12 faces described as equally sized (38mm x 38mm); smoothed,B,PUB-0006,BH-692011,,2026-08-07,
9,RD-0001,EV012,Exterior well-finished and smoothed; interior surfaces more roughly cast; preservation grade 2,B,PUB-0006,BH-692011,,2026-08-07,
10,RD-0001,EV013,"Upper layer of metal absent on several knobs, revealing red corrosion; casting not perfect",B,PUB-0006,BH-692011,,2026-08-07,
11,RD-0001,EV014,Exterior surfaces smoothed; explicitly stated as smoothed in PAS description,B,PUB-0006,BH-692011,,2026-08-07,
12,RD-0001,EV018,Several faces pitted or gouged; abrasion around base of most knobs; patchy patina,B,PUB-0006,BH-692011,,2026-08-07,
13,RD-0001,EV022,Abrasion present around the base of most knobs,B,PUB-0006,BH-692011,,2026-08-07,
14,RD-0001,EV025,Cultivated land; metal detector find; exact Roman context unknown,B,PUB-0006,BH-692011,,2026-08-07,"Findspot: Much Hadham, East Hertfordshire"
15,RD-0001,EV039,Hole diameters range 13.7-20mm; variation present within single specimen,B,PUB-0006,BH-692011,,2026-08-07,Standardisation across corpus cannot be assessed from a single specimen
16,RD-0002,EV001,"Overall width 82.4mm; face width ~42mm, face length ~38mm (approximate)",B,PUB-0006,YORYM-41CD72,,2026-08-07,Specimen incomplete; overall dimensions approximate
17,RD-0002,EV002,270 g (incomplete specimen; true complete weight would be higher),B,PUB-0006,YORYM-41CD72,,2026-08-07,Weight is of incomplete specimen; 6 complete + ~5 partial faces
18,RD-0002,EV004,Large circular holes of different sizes; holes described as irregularly cut,B,PUB-0006,YORYM-41CD72,,2026-08-07,Individual diameters not listed; variation confirmed
19,RD-0002,EV009,One knob broken off but retained loose; remaining knobs intact,B,PUB-0006,YORYM-41CD72,,2026-08-07,
20,RD-0002,EV012,Interior described as crudely cast; exterior not described as finished,B,PUB-0006,YORYM-41CD72,,2026-08-07,
21,RD-0002,EV016,Some holes surrounded by incised pentagonal line (post-casting decoration),B,PUB-0006,YORYM-41CD72,,2026-08-07,Pentagonal incised line around holes; likely post-casting tool work
22,RD-0002,EV025,Cultivated land; metal detector find; exact Roman context unknown,B,PUB-0006,YORYM-41CD72,,2026-08-07,"Findspot: Fridaythorpe, East Riding of Yorkshire"
23,RD-0003,EV002,82 g (fragment weight only; one face + parts of five faces),B,PUB-0006,SUR-729950,,2026-08-07,
24,RD-0003,EV004,Complete face: hole ~15.75mm diameter; edges of three further holes visible but unmeasured,B,PUB-0006,SUR-729950,,2026-08-07,Only one face fully preserved; variation across all 12 faces cannot be assessed
25,RD-0003,EV008,Knob diameter ~13.5mm at each of four surviving corners,B,PUB-0006,SUR-729950,,2026-08-07,
26,RD-0003,EV012,Interior left roughcast; no additional decoration noted,B,PUB-0006,SUR-729950,,2026-08-07,
27,RD-0003,EV025,Cultivated land; metal detector find; exact Roman context unknown,B,PUB-0006,SUR-729950,,2026-08-07,"Findspot: Compton, Guildford, Surrey"
28,RD-0004,EV002,46.79 g (fragment weight: 2 complete faces + remains of ~6 faces),B,PUB-0006,HAMP-CE1119,,2026-08-07,
29,RD-0004,EV003,3.7 mm wall thickness,B,PUB-0006,HAMP-CE1119,,2026-08-07,
30,RD-0004,EV004,10-11mm on two complete adjacent faces; 18.3mm on a third adjacent face; variation confirmed,B,PUB-0006,HAMP-CE1119,,2026-08-07,Face-to-corner measurement ~7.5mm (similar on known faces); individual diameters partly recorded
31,RD-0004,EV006,Raised rim around perforation; sunken circular area within pentagonal face; raised ring between hole and edge,B,PUB-0006,HAMP-CE1119,,2026-08-07,
32,RD-0004,EV008,"Knob height ~10-11mm; width 6.5-7.5mm; triangular cross-section at base, expanding to globular",B,PUB-0006,HAMP-CE1119,,2026-08-07,
33,RD-0004,EV018,Metal described as rather pitted and worn; dark to mid-green patina,B,PUB-0006,HAMP-CE1119,,2026-08-07,
34,RD-0004,EV025,Cultivated land; metal detector find; exact Roman context unknown,B,PUB-0006,HAMP-CE1119,,2026-08-07,"Findspot: Stockbridge, Test Valley, Hampshire"
35,RD-0005,EV001,Approximately 80mm across (stated as 'about 8cm across'),C,PUB-0008,,,2026-08-07,Approximate figure given in popular article; 3D scan exists at Univ. Lincoln
36,RD-0005,EV002,245 g,C,PUB-0008,,,2026-08-07,
37,RD-0005,EV011,"Cu 75%, Sn 7%, Pb 18% by handheld XRF (analyst: Gerry McDonnell, archaeometallurgist)",C,PUB-0008,,,2026-08-07,Handheld XRF is semi-quantitative; full quantitative analysis planned at Newcastle Univ.
38,RD-0005,EV017,No internal hole wear observed; described as completely undamaged,C,PUB-0008,,,2026-08-07,"Direct quote: 'no evidence of any wear at all' (Richard Parker, NDAG secretary)"
39,RD-0005,EV018,No external wear observed; described as completely undamaged,C,PUB-0008,,,2026-08-07,Same source as EV017
40,RD-0005,EV025,Large pit near Roman villa (excavated 1935); rural settlement context,C,PUB-0008,,,2026-08-07,Pottery from Iron Age to Roman period found across site; Romano-British figurine nearby
41,RD-0006,EV025,"Leopoldwal, Tongeren; context not specified in Wikipedia image caption",E,PUB-0004,,,2026-08-07,Minimum data only from image caption; further source required for all fields
42,RD-0007,EV025,"A field in Aston, Hertfordshire; rural agricultural context (pre-excavation era find)",A,PUB-0007,SAL/02/003/117,,2026-08-07,Only contextual information available from archival record
43,RD-0008,EV002,27.13 g (fragment: one edge + two lugs + four short sections),B,PUB-0006,WILT-37C5E1,,2026-08-07,
44,RD-0008,EV003,Not directly stated; plate visible in fragment,B,PUB-0006,WILT-37C5E1,,2026-08-07,Fragment dimensions: 37.65 x 26.15 x 21.05mm
45,RD-0008,EV004,Edges of three circles visible; described as each face having a hole of different size,B,PUB-0006,WILT-37C5E1,,2026-08-07,Holes not individually measurable from this fragment
46,RD-0008,EV008,Two cylindrical lugs: 13.05mm and 12.40mm diameter,B,PUB-0006,WILT-37C5E1,,2026-08-07,Note: described as cylindrical rather than spherical; two surviving knobs
47,RD-0008,EV012,Interior concave and crudely cast; exterior relatively smooth,B,PUB-0006,WILT-37C5E1,,2026-08-07,
48,RD-0008,EV025,Cultivated land; metal detector find; exact Roman context unknown,B,PUB-0006,WILT-37C5E1,,2026-08-07,"Findspot: Near Market Lavington, Wiltshire; date range AD 100-300"
49,RD-0008,EV029,"AD 100-300 (tighter range than most PAS records, which use AD 43-410)",B,PUB-0006,WILT-37C5E1,,2026-08-07,
50,RD-0009,EV002,3.8 g (tiny fragment: one edge + two spherical lugs),B,PUB-0006,YORYM-E841F9,,2026-08-07,
51,RD-0009,EV004,Edges of three circular holes visible; individual diameters not measurable,B,PUB-0006,YORYM-E841F9,,2026-08-07,Fragment too small for diameter measurement
52,RD-0009,EV012,Reverse hollow and undecorated; exterior described as worn,B,PUB-0006,YORYM-E841F9,,2026-08-07,
53,RD-0009,EV014,Double incised border around two of the hole edges; presumably two concentric rings,B,PUB-0006,YORYM-E841F9,,2026-08-07,
54,RD-0009,EV018,Metal described as worn; mid-green patina,B,PUB-0006,YORYM-E841F9,,2026-08-07,
55,RD-0009,EV025,Cultivated land; metal detector find; exact Roman context unknown,B,PUB-0006,YORYM-E841F9,,2026-08-07,"Findspot: Stamford Bridge, East Riding of Yorkshire"
56,RD-0010,EV002,1.67 g (very tiny fragment: one corner only),B,PUB-0006,PUBLIC-959804,,2026-08-07,
57,RD-0010,EV014,"Incised grooved decoration on surviving face portions, forming two rings as outer boundary of pentagonal faces",B,PUB-0006,PUBLIC-959804,,2026-08-07,
58,RD-0010,EV025,Cultivated land (disturbed); metal detector; depth 0-10cm; exact Roman context unknown,B,PUB-0006,PUBLIC-959804,,2026-08-07,"Findspot: Yelnow, Bedford; discovery 12 Feb 2011"
59,RD-0011,EV002,"7.73 g (fragment: one edge, two knops, partial faces)",B,PUB-0006,NMGW-063819,,2026-08-07,
60,RD-0011,EV003,1.1 mm (wall thickness of smaller preserved face),B,PUB-0006,NMGW-063819,,2026-08-07,Described as 'very thin'; measured on the smaller-hole face
61,RD-0011,EV004,Two holes partially visible: 9.4mm (with decoration) and approx. 22.6mm (crudely finished); PAS description states perforations are of different sizes across faces,B,PUB-0006,NMGW-063819,,2026-08-07,Only two of twelve face holes partially preserved; full diameter range unknown
62,RD-0011,EV005,Two preserved faces described as 'opposing': smaller hole 9.4mm vs larger hole approx. 22.6mm; opposing faces have markedly different hole diameters,B,PUB-0006,NMGW-063819,,2026-08-07,NOTE: PAS record uses term 'opposing face'; geometric verification not possible from fragment alone; observation should be treated as provisional pending 3D reconstruction
63,RD-0011,EV006,Smaller face (9.4mm): circumferential groove at aperture edge; larger face (~22.6mm): crudely finished aperture,B,PUB-0006,NMGW-063819,,2026-08-07,Different finishing quality between small and large holes on same specimen
64,RD-0011,EV008,Knop diameter 6.0mm x 5.7mm high; neck diameter 4.5mm; integrally cast,B,PUB-0006,NMGW-063819,,2026-08-07,
65,RD-0011,EV011,"XRF results: Cu, Sn, trace Fe, Pb (qualitative only; percentages not reported)",B,PUB-0006,NMGW-063819,,2026-08-07,Semi-quantitative XRF; quantitative analysis not available from PAS record
66,RD-0011,EV012,Interior: reverse concave with rough and unfinished surface; exterior: well-defined knops and incised decoration on smaller face,B,PUB-0006,NMGW-063819,,2026-08-07,
67,RD-0011,EV014,Smaller face: circumferential groove at aperture + two concentric grooves on outer margin; end faces: curving incised grooves; larger (~22.6mm) face: no decoration,B,PUB-0006,NMGW-063819,,2026-08-07,"Decorative treatment varies with hole size: smaller hole decorated, larger hole plain"
68,RD-0011,EV025,Cultivated land; metal detector find; exact Roman context unknown,B,PUB-0006,NMGW-063819,,2026-08-07,"Findspot: Llandow, Vale of Glamorgan, Wales"
69,RD-0012,EV002,34.51 g (one corner knob fragment),B,PUB-0006,GLO-9EE34F,,2026-08-07,High weight for small fragment; dense globular knob contributes most of mass
70,RD-0012,EV012,"Interior: concave, crudely finished; exterior: relatively smooth",B,PUB-0006,GLO-9EE34F,,2026-08-07,
71,RD-0012,EV025,Cultivated land; metal detector find; exact Roman context unknown,B,PUB-0006,GLO-9EE34F,,2026-08-07,"Findspot: Alveston, South Gloucestershire; date range AD 100-300; object certainty: 'Possibly' dodecahedron"
72,RD-0013,EV002,Total fragment weight 66.42 g (four corner pieces: 20.37 + 17.41 + 12.01 + 16.63 g),B,PUB-0006,LIN-F437DA,,2026-08-07,Four separate fragments probably from same specimen
73,RD-0013,EV003,"Plate thickness: 3.33, 3.55, 3.26, 3.0mm across four fragments (mean ~3.3mm)",B,PUB-0006,LIN-F437DA,,2026-08-07,Consistent wall thickness across all four fragments supports single-specimen origin
74,RD-0013,EV008,"Knob diameters: 14.28, 13.92, 13.46, 14.01mm across four fragments (range 13.46-14.28mm; mean ~13.9mm; very consistent)",B,PUB-0006,LIN-F437DA,,2026-08-07,Consistency of knob diameters across all four fragments strongly supports single-specimen origin; globular form confirmed
75,RD-0013,EV012,Each fragment: interior concave triangular underside; exterior mid-green patina with developed brown patches; plough damage on all,B,PUB-0006,LIN-F437DA,,2026-08-07,
76,RD-0013,EV015,Iron corrosion on underside of knobs in fragments 1 and 4; described as possible repair or iron ore in soil,B,PUB-0006,LIN-F437DA,,2026-08-07,Possible ancient iron repair; ambiguous: could be soil contamination
77,RD-0013,EV025,Cultivated land; metal detector find; exact Roman context unknown,B,PUB-0006,LIN-F437DA,,2026-08-07,"Findspot: Minting, East Lindsey, Lincolnshire; nearby find LIN-8D3A01 warrants cross-reference"
78,RD-0014,EV002,4.33 g (V-shaped fragment: one edge + two corners),B,PUB-0006,NARC1474,,2026-08-07,
79,RD-0014,EV008,Two small spherical knobs described as resembling bun feet; one at each end of the surviving edge,B,PUB-0006,NARC1474,,2026-08-07,
80,RD-0014,EV012,Cast-in-one-piece construction explicitly noted in PAS description,B,PUB-0006,NARC1474,,2026-08-07,This is an important manufacturing observation: most specimens have separately soldered knobs; cast-in-one-piece is unusual
81,RD-0014,EV014,Multiple incised concentric circles on two surviving face portions (one set either side of the central ridge),B,PUB-0006,NARC1474,,2026-08-07,
82,RD-0014,EV025,Cultivated land; metal detector find; exact Roman context unknown,B,PUB-0006,NARC1474,,2026-08-07,"Findspot: Potterspury, West Northamptonshire"
83,RD-0015,EV001,Diameter 44mm (overall); among the smaller known specimens,B,PUB-0011,10140871,,2026-08-07,Source: KIK-IRPA BALaT; only dimension given is diameter 4.4cm
84,RD-0015,EV011,Alloy: bronze and lead (plomb); both listed as materials in KIK-IRPA record,B,PUB-0011,10140871,,2026-08-07,Lead content in alloy; quantitative composition not given
85,RD-0015,EV025,"Provenance: Couthuin or Bassenge, Liege province, Belgium; specific context not given in source",B,PUB-0011,10140871,,2026-08-07,Couthuin is in Heron commune; Bassenge is a separate municipality; exact site type unknown
86,RD-0015,EV026,"Roman province Gallia Belgica; Liege province, Belgium",B,PUB-0011,10140871,,2026-08-07,
87,RD-0015,EV029,AD 301-399 (4th century); tighter date range than most specimens,B,PUB-0011,10140871,,2026-08-07,Date from KIK-IRPA record; dating method not specified
88,RD-0016,EV001,Overall diameter 56.40mm,B,PUB-0012,"1878,0311.48",,2026-08-07,
89,RD-0016,EV002,39.83 g,B,PUB-0012,"1878,0311.48",,2026-08-07,
90,RD-0016,EV004,"Aperture diameter range 12.45-17.73mm (BM catalogue lists as range, not per-face)",B,PUB-0012,"1878,0311.48",,2026-08-07,Object certainty marked '?' in BM catalogue; identification may be uncertain
91,RD-0016,EV025,Findspot: British Isles (no specific location recorded in BM catalogue),B,PUB-0012,"1878,0311.48",,2026-08-07,Donated via Sir A.W. Franks; provenance unknown beyond 'British Isles'
92,RD-0017,EV001,Overall diameter 127.71mm; one of the largest Roman dodecahedra known,B,PUB-0012,"1924,0411.1",,2026-08-07,127.71mm exceeds the commonly cited upper limit of 110mm; warrants further verification against primary measurement
93,RD-0017,EV002,553.20 g; among the heaviest known specimens,B,PUB-0012,"1924,0411.1",,2026-08-07,Consistent with large overall diameter; Wikipedia cites max ~1kg for an unstated specimen
94,RD-0017,EV004,"Aperture diameter range 27.67-40.55mm; absolute values proportionally larger than most specimens, consistent with overall large size",B,PUB-0012,"1924,0411.1",,2026-08-07,Range of 12.88mm between smallest and largest hole; comparable percentage variation to smaller specimens
95,RD-0017,EV025,Purchased; no excavation context recorded,B,PUB-0012,"1924,0411.1",,2026-08-07,"Purchased from Thomas James, Fishguard, 1924; exact find circumstances unknown"
96,RD-0017,EV026,"Roman province Britannia; Pembrokeshire, Wales",B,PUB-0012,"1924,0411.1",,2026-08-07,
97,RD-0018,EV025,Roman town and fort (Corstopitum); known military and civilian settlement on Hadrian's Wall,C,PUB-0013,,,2026-08-07,Corbridge was a significant supply base and settlement on Dere Street
98,RD-0018,EV031,Military association confirmed: Corbridge was a Roman fort and supply base,C,PUB-0013,,,2026-08-07,Site has both military and civilian Roman occupation phases
99,RD-0019,EV001,"Face width 52mm, face length 48mm (cited from museum website in PAS YORYM-41CD72)",D,PUB-0009,p.218-219 no.3.741,,2026-08-07,Secondary citation: measurements from museum website as quoted in PAS record; not directly from primary catalogue; confidence D pending direct verification
100,RD-0019,EV025,"Roman fort (Arbeia), South Shields; confirmed military context",B,PUB-0009,p.218-219 no.3.741,,2026-08-07,Arbeia is a well-documented Roman auxiliary fort at mouth of River Tyne
101,RD-0019,EV031,Military association: found at Roman auxiliary fort,B,PUB-0009,p.218-219 no.3.741,,2026-08-07,One of the few British dodecahedra with confirmed military fort provenance
102,RD-0020,EV025,Edge of Roman thermal baths complex at Jublains (Noeodunum); civilian public building context; not military,A,PUB-0010,p.269-289,,2026-08-07,"This is the only Roman dodecahedron from a verified, controlled excavation; thermal baths = public civilian infrastructure, not military or ritual"
103,RD-0020,EV028,Found in stratigraphic context during controlled excavation; specific stratigraphic detail requires access to full paper text,A,PUB-0010,p.269-289,,2026-08-07,Context verified by professional archaeologists (INRAP); paper sub-title emphasises this is the first properly contextualised find
104,RD-0020,EV026,Roman province Gallia Lugdunensis; Jublains is civitas capital of the Aulerci Diablintes,A,PUB-0010,p.269-289,,2026-08-07,
105,RD-0020,EV032,Thermal baths context does not directly support ritual association; baths were civilian social/hygienic infrastructure,A,PUB-0010,p.269-289,,2026-08-07,Context contradicts H003 (ritual) as primary interpretation for this specimen; however one specimen is insufficient to draw corpus conclusions
106,RD-0001,EV033,ASSESSMENT: Cylindrical rods of 13.5mm diameter fit through all 12 holes. Each hole (13.7-20mm) accepts a specific rod diameter. Rod insertion is mechanically feasible.,C,PUB-0006,BH-692011,,2026-08-07,Derived from measured hole diameters 13.7-20mm; Roman wooden dowels/rods in 10-20mm diameter are archaeologically attested
107,RD-0017,EV033,ASSESSMENT: Holes 27.67-40.55mm accommodate substantial rods/poles or large tool handles. Rod insertion feasible; scale consistent with structural use of large timber.,C,PUB-0012,"1924,0411.1",,2026-08-07,Derived from BM catalogue hole range; proportionally similar to smaller specimens
108,RD-0016,EV033,ASSESSMENT: Holes 12.45-17.73mm accommodate rods of 12-17mm diameter. Rod insertion mechanically feasible.,C,PUB-0012,"1878,0311.48",,2026-08-07,Derived from BM catalogue; object certainty '?' noted
109,RD-0011,EV033,ASSESSMENT: Opposing faces have holes of 9.4mm and ~22.6mm. Rods cannot pass through both opposing holes simultaneously unless two different rod sizes are used. This geometry is incompatible with a through-rod passing axially through opposing holes unless the holes are not geometrically opposing.,C,PUB-0006,NMGW-063819,,2026-08-07,"Critical constraint: if 9.4mm and 22.6mm are truly opposing faces, no single rod can pass through both; see EV005 note on geometric verification needed"
110,RD-0001,EV034,ASSESSMENT: Smallest hole 13.7mm allows rope of up to ~12mm diameter to pass through. Knobs (~9.5mm diameter) can serve as anchors or routing guides for rope of 4-8mm diameter. Rope routing through holes and over knobs is geometrically feasible.,C,PUB-0006,BH-692011,,2026-08-07,Derived from hole range 13.7-20mm and knob diameter 9-10mm; Roman cordage in 5-15mm diameter is archaeologically attested
111,RD-0011,EV034,ASSESSMENT: Smaller hole (9.4mm) constrains rope to <8mm diameter. Larger hole (~22.6mm) is permissive. Rope routing is feasible through the larger hole; constrained through the smaller.,C,PUB-0006,NMGW-063819,,2026-08-07,Derived from hole measurements 9.4mm and ~22.6mm
112,RD-0001,EV035,ASSESSMENT: The dodecahedral form with 20 vertex knobs provides stable 3-point resting on any surface. Wall thickness 3mm with bronze alloy provides rigid structural shell. No deformation evidence in any examined specimen. Structurally stable as a free-standing object.,C,PUB-0006,BH-692011,,2026-08-07,"Derived from wall thickness 3mm, bronze alloy, dodecahedral geometry; 3-point stability is inherent to the regular form"
113,RD-0001,EV036,"ASSESSMENT: Six pairs of opposing faces provide 6 potential through-rod axes. A rod inserted through opposing holes of equal diameter transfers axial load. For RD-0001 (holes 13.7-20mm), varying hole sizes mean only same-diameter opposing pairs can carry through-rods; load transfer is directionally selective, not isotropic. Plausible but requires specific rod sizes per axis.",C,PUB-0006,BH-692011,,2026-08-07,Derived from geometry; load capacity depends on rod-hole fit and material properties
114,RD-0001,EV037,"ASSESSMENT (corpus-level): Overall diameters span 44mm to 127.71mm across measured specimens (ratio 2.9:1). A modular structural system requires standardised component sizes. The 3x size range is incompatible with interchangeable modular nodes. Individual specimens can accept rods/ropes, but assembly of multiple dodecahedra into a common structural system is not supported by the current evidence.",C,PUB-0006,BH-692011,,2026-08-07,"Corpus-level derived assessment; based on 5 specimens with reliable size measurements: RD-0015 (44mm), RD-0016 (56.4mm), RD-0001/RD-0002 (~82mm), RD-0017 (127.71mm)"
115,RD-0001,EV039,"ASSESSMENT (corpus-level): No metrological standard detected. Overall diameters: 44, 56.4, ~80, ~82, 127.71mm — no common unit or ratio pattern. Hole diameter ranges: 9.4-40.55mm across specimens with no consistent sizing. Wall thickness: 1.1-3.7mm — wide variation. E013 in evidence register: 'No authenticated inscriptions or numerals are known'. E029: 'No accepted metrological standard has been demonstrated'. Conclusion: absence of standardisation across the corpus.",C,PUB-0006,BH-692011,,2026-08-07,Corpus-level derived from 5 specimens with reliable size data; consistent with evidence register E029
116,RD-0001,EV040,"ASSESSMENT (corpus-level): Current corpus is predominantly British (17/21 specimens). 2 Belgian (Tongeren, Liege) and 2 French (Jublains, Arles) specimens entered. Insufficient continental coverage for systematic regional variation analysis. Pending: data from German, Dutch, Swiss, Luxembourg and Austrian museum collections.",C,PUB-0006,BH-692011,,2026-08-07,Corpus-level observation; geographic bias in current dataset due to PAS coverage; full analysis requires Guggenberger & Nouwen catalogue data
117,RD-0021,EV025,Roman thermae (public baths) at Arelate (Arles); civilian public infrastructure; discovered 1939 during work at or near the thermal baths,C,PUB-0014,Q62511455,,2026-08-07,"PATTERN: second baths-context specimen alongside Jublains (RD-0020); thermal baths = civilian public building, not military or ritual context"
118,RD-0021,EV026,Roman province Gallia Narbonensis; Arelate (Arles) was a major Roman colony,C,PUB-0014,Q62511455,,2026-08-07,
119,RD-0021,EV029,3rd century AD (per Wikidata record),C,PUB-0014,Q62511455,,2026-08-07,Dating method not specified in Wikidata record
120,RD-0022,EV001,Diameter face to opposite face 5.5 cm (55 mm) excluding knobs; complete specimen,B,PUB-0003,36,fig 4,2026-08-07,Measured by the cataloguer; first publication of this specimen
121,RD-0022,EV002,246 g,B,PUB-0003,36,fig 4,2026-08-07,
122,RD-0022,EV003,Wall thickness c 1.5 mm,B,PUB-0003,36,fig 4,2026-08-07,
123,RD-0022,EV004,One pair of holes 15/17 mm and a second pair 14/15 mm; all other holes in a very small range of c 10.0-12.5 mm,B,PUB-0003,36,fig 4,2026-08-07,"Individual diameters of the eight remaining holes not given; range recorded verbatim, values NOT interpolated"
124,RD-0022,EV005,Two recorded pairs of opposite holes: 15/17 mm (difference 2 mm) and 14/15 mm (difference 1 mm),B,PUB-0003,36,fig 4,2026-08-07,Within-pair differences fall inside the corpus range of c 2-4.5 mm reported at p 31 n 1
125,RD-0022,EV008,Knob diameter c 5 mm,B,PUB-0003,36,fig 4,2026-08-07,
126,RD-0022,EV014,All faces carry five ring-and-dot motifs; Greiner/Guggenberger type 2a,B,PUB-0003,36,fig 4,2026-08-07,
127,RD-0022,EV025,"No findspot recorded; known only from the Henryk Klunder collection, Mainz, now in a private collection in Winterthur, Switzerland",B,PUB-0003,"34, 36",fig 4,2026-08-07,Unprovenanced. Contributes measurements but no context evidence
128,RD-0023,EV025,Richly furnished grave of a wealthy woman who died around AD 350,C,PUB-0003,35,,2026-08-07,One of only three dodecahedra from richly furnished graves (with Bassenge and Bachem)
129,RD-0023,EV027,"An object of bone, length c 15 cm and diameter c 3 cm, lay immediately adjacent to the dodecahedron in the grave",C,PUB-0003,35-6,,2026-08-07,"OBSERVATION vs INTERPRETATION: the adjacency and dimensions are the observation. PUB-0003's suggestion of 'a functional connection' and of 'temporary mounting upon a kind of handle' is author interpretation and is recorded in evidence_register, not here. The bone object was in very poor condition, was not preserved, and is known only from a drawing of the grave - so it cannot be re-examined"
130,RD-0023,EV004,Pair of production holes 2.4 cm and 2.3 cm (24 and 23 mm),C,PUB-0003,36,,2026-08-07,
131,RD-0023,EV029,Grave of a woman who died around AD 350,C,PUB-0003,35,,2026-08-07,Dating derives from the grave assemblage as reported
132,RD-0024,EV025,"Found along the Roman Limes, in the same area of a palisade trench near a watchtower",C,PUB-0003,35,,2026-08-07,PUB-0003 n 18 nevertheless lists no 20 among find contexts with plausible sacred connections; both readings preserved
133,RD-0024,EV027,A bronze statuette of Mercury as Hermes-Thoth was found in the same area,C,PUB-0003,35,,2026-08-07,"Ultimate reference: Winkelmann 1933, 137-8 tab 16"
134,RD-0024,EV031,Limes context: palisade trench near a watchtower,C,PUB-0003,35,,2026-08-07,
135,RD-0025,EV025,Found 'near' the sacrificial shafts of an urban Gallo-Roman cult precinct,C,PUB-0003,35,,2026-08-07,"Quotation marks around 'near' are the source's own; exact distance not stated. Ultimate reference: Kolling 1993, 124"
136,RD-0025,EV032,Association with the sacrificial shafts of a cult precinct,C,PUB-0003,35,,2026-08-07,
137,RD-0026,EV025,From the site of the temple complex of the local god Nodens at Lydney; the exact find context is unknown,C,PUB-0003,34,,2026-08-07,"Ultimate reference: Wheeler and Wheeler 1932, 86 fig 20. Site association only - not a stratified context"
138,RD-0026,EV032,"Recovered from a temple site (Nodens), exact context unknown",C,PUB-0003,34,,2026-08-07,
139,RD-0027,EV025,"Part of a cache identified as originating from a temple, perhaps the temple of Diana at Gloucester",C,PUB-0003,34,,2026-08-07,"Ultimate reference: Coombe and Henig 2020. The temple origin is the cited authors' identification of the cache, not a stratigraphic observation of the dodecahedron"
140,RD-0027,EV027,Recovered as part of a cache of objects,C,PUB-0003,34,,2026-08-07,
141,RD-0028,EV025,Found by a metal detectorist in a 'modest Gallo-Roman domestic structure',C,PUB-0003,35,,2026-08-07,Ultimate reference: Berton 2007
142,RD-0028,EV027,A bronze statuette of a goddess (Juno?) lay one metre away,C,PUB-0003,35,,2026-08-07,The identification as Juno is queried in the source and the query is preserved. Distance of one metre is as stated
143,RD-0029,EV025,CONFLICT: listed both among finds from cities or other settlements (n 16) and among coin or bronze hoards (n 21),C,PUB-0003,33,fig 3,2026-08-07,Both classifications preserved per RDORP conflict rule; a hoard deposited within a settlement would satisfy both
144,RD-0030,EV025,One of three dodecahedra from richly furnished graves,C,PUB-0003,35,,2026-08-07,"Ultimate references: Barthel 1909, 94; Nouwen 1993, 31-2, 35"
145,RD-0030,EV029,Dating uncertain; PUB-0003 notes Bachem among specimens that may date from the 2nd century,C,PUB-0003,32,,2026-08-07,PUB-0003 n 13 states explicitly that the dating of this specimen remains uncertain
146,RD-0031,EV024,Recorded as having traces of yellow wax,D,PUB-0003,45,,2026-08-07,"RELIABILITY EXPLICITLY QUESTIONED BY THE SOURCE: PUB-0003 n 103 states 'this observation may not be fully reliable' (Guggenberger 1999, 61-2, 144, 162). Recorded at confidence D for that reason. This is the only residue observation in the corpus, and it is contested"
147,RD-0031,EV025,Feldberg Roman fort; listed among military-camp find contexts,C,PUB-0003,33,,2026-08-07,
148,RD-0031,EV029,"Found 1892; dating uncertain, possibly 2nd century",C,PUB-0003,32,,2026-08-07,PUB-0003 n 13 lists Feldberg among specimens whose dating is uncertain
149,RD-0032,EV026,"Brigetio, Pannonia - the easternmost known findspot",C,PUB-0003,32,,2026-08-07,
150,RD-0033,EV026,"Deonica, Moesia superior - outlying south-eastern findspot",C,PUB-0003,32,,2026-08-07,Ultimate reference: Vujovic 2021
151,RD-0005,EV025,"Discovered on the top of a large pit full of building debris, 700 m east of a villa rustica",C,PUB-0003,34,,2026-08-07,"More precise than the batch-001 record (PUB-0008), which gave only 'large pit near Roman villa'. Both retained; distance now specified. PUB-0003 also reports Hitchens' suggestion that it may have been placed to ritually close the pit and Guggenberger's/Henig's suggestion that it may originate from a shrine - both are INTERPRETATION and are recorded in evidence_register, not as observations"
152,RD-0007,EV025,First recorded dodecahedron; presented to the Society of Antiquaries of London in 1739; Guggenberger catalogue no 59,C,PUB-0003,32,fig 1,2026-08-07,Confirms the batch-001 archival record (PUB-0007) and supplies the catalogue number
153,RD-0015,EV025,"PUB-0003 lists a Bassenge (Belgium) dodecahedron, Guggenberger no 2, as one of three specimens from richly furnished graves",C,PUB-0003,35,,2026-08-07,"POSSIBLE IDENTITY, NOT ASSERTED: RD-0015 is recorded by PUB-0011 as from 'Couthuin or Bassenge, Liege province'. Guggenberger no 2 may be the same object, which would give RD-0015 a grave context. The identification is not made by either source and is left unresolved; RD-0015 context_category therefore remains Unknown"
154,RD-0020,EV028,Deposition of the stratified Jublains dodecahedron took place in the first half of the 3rd century,B,PUB-0003,32,,2026-08-07,"PUB-0003 n 13, citing Guillier et al 2008, 284. Corroborates the batch-001 record and supplies Guggenberger no 98"
155,RD-0020,EV001,"Height 59 mm as it stands, but only 48-52 mm from face to opposite face; maximum diameter 74 mm; twelve pentagonal faces of 21 mm edge",A,PUB-0010,para 48,fig 11,2026-08-07,The 48-52 mm spread across face-to-face axes is itself a measure of the object's departure from a regular dodecahedron
156,RD-0020,EV002,81 g,A,PUB-0010,para 48,fig 11,2026-08-07,"Lightest complete specimen in the database; compare 246 g (RD-0022), 247 g (RD-0001), 245 g (RD-0005), 553 g (RD-0017)"
157,RD-0020,EV004,Ten faces have circular openings varying from 10.5 to 22 mm; the two remaining faces have oval openings of 21x26 mm,A,PUB-0010,para 48,fig 11,2026-08-07,"Per-face diameters are not tabulated in the report; the drawing (fig 12) is a Duval rabattement from which PUB-0019 later read values, recorded separately below at lower confidence"
158,RD-0020,EV005,"The two faces without concentric circles, which carry the oval openings, are placed in opposition on the object, possibly materialising a 'top' and a 'bottom'",A,PUB-0010,para 48,fig 11,2026-08-07,"The excavators' phrase is 'y materialisant eventuellement un haut et un bas' - a hedged suggestion, not an assertion. Relevant to EV038"
159,RD-0020,EV006,Ten openings circular; two openings oval (21x26 mm),A,PUB-0010,para 48,fig 11,2026-08-07,"CONFLICTS WITH NOTHING, but note that PUB-0003, 32 explains the irregular opposed pair across the corpus as production holes"
160,RD-0020,EV008,Each vertex carries a small ball about 5-6 mm in diameter,A,PUB-0010,para 48,fig 11,2026-08-07,
161,RD-0020,EV011,"Copper alloy, described by the excavators as 'bronze?' with the query retained",A,PUB-0010,para 41,,2026-08-07,No analysis was performed; the query is the excavators' own
162,RD-0020,EV012,Appears to have been cast by the lost-wax process and then carefully trued up ('coule a la cire perdue puis soigneusement rectifie'),A,PUB-0010,para 48,,2026-08-07,Direct support for post-casting finishing; see EV016
163,RD-0020,EV014,Ten of the twelve faces have their opening underlined by concentric circles engraved in the metal; the other two faces have none,A,PUB-0010,para 48,fig 11,2026-08-07,
164,RD-0020,EV015,Intact apart from a barely visible crack on one edge,A,PUB-0010,para 48,,2026-08-07,"No repair present; recorded because it establishes that the object was complete when deposited, in a burnt destruction layer"
165,RD-0020,EV016,The vertex balls are soldered to the body of the dodecahedron itself ('soudee au corps meme du dodecaedre'),A,PUB-0010,para 48,,2026-08-07,"CONFLICT: RD-0014 is recorded by PUB-0006 as cast in one piece. Both readings preserved. If knobs were separately made and attached on this specimen, the manufacturing sequence is more complex than single-pour casting and the knobs are a deliberate addition"
166,RD-0020,EV025,"Recovered from destruction layer F1058 of a small drystone building over an excavated cellar, on ancient Street 8 at the junction of Cardo A and Decumanus 8, in the shadow of a large public building (the thermae); the building burned at the turn of the 2nd and 3rd centuries",A,PUB-0010,"paras 41, 60-61",,2026-08-07,"CORRECTS THE BATCH-001 RECORD, which read this as a baths context because the excavation lay at the edge of the thermae. The building is a separate structure across the street. The excavators state the position was ideal for a commercial establishment. THIS IS THE ONLY SEALED, DATED, STRATIFIED DODECAHEDRON CONTEXT KNOWN"
167,RD-0020,EV027,"Found in the same destruction layer as a complete trebuchet (precision balance): beam 225 mm long weighing 20 g, with two tortoise-shell-shaped pans of 59x52x16 mm (12 g) and 49x54x17 mm (11 g), each pierced with three 2 mm holes; the complete pan holds 20 cubic cm level and 36 heaped. The accompanying pottery has a higher proportion of closed vessels and fewer kitchen vessels than contemporary assemblages",A,PUB-0010,"paras 42-47, 60",fig 10,2026-08-07,"THE STRONGEST ASSOCIATED-FIND RECORD IN THE DATABASE. The excavators note the balance served to check the alloy of a coin or to weigh precious materials, with a capacity not exceeding one Roman pound (327.45 g). Their reading of the assemblage as either a merchant's or craftsman's shop or the den of a diviner, and their remark that the two are not incompatible, is INTERPRETATION and is recorded in evidence_register"
168,RD-0020,EV029,The building was occupied during the first half of the 3rd century and destroyed by fire at the turn of the 2nd and 3rd centuries; the object is judged to have been in use during the first half of the 3rd century,A,PUB-0010,"paras 54, 60",,2026-08-07,"A coin of Nero beneath the earliest road make-up dates the street grid to the early Flavian period, and a coin of Tetricus attests later activity; the dodecahedron itself is dated by the destruction layer"
169,RD-0020,EV031,No military association: an urban commercial building in a civitas capital,A,PUB-0010,paras 60-62,,2026-08-07,
170,RD-0020,EV004,"Opposite-hole pairs read off the fig 12 rabattement: (1,1') elliptic 26x21.5 and 25.5x21.5 mm; (6',2) 22 and 21.5 mm; (5',3) 17 and 16.5 mm; (4',4) 22 and 21 mm; (3',5) 15.5 and 11.5 mm; (2',6) 10.5 and 17 mm",D,PUB-0019,tab I,fig A1,2026-08-07,"SECOND-HAND AND LOWER CONFIDENCE: values read by PUB-0019 from PUB-0010 fig 12, not measured. Recorded separately from the A-grade row above and deliberately not merged with it"
171,RD-0020,EV005,"Within-pair differences of the six opposite pairs: 0.5, 0.5, 0.5, 1.0, 4.0 and 6.5 mm",D,PUB-0019,tab I,,2026-08-07,"Derived by PUB-0019 from its own tab I readings. Four pairs are nearly equal and two differ greatly - the mixed pattern PUB-0003, 31 n 1 describes for the corpus"
172,RD-0020,EV014,Each pair of opposite holes carries the same decoration; the decoration is composed of three circles,D,PUB-0019,9,fig 2,2026-08-07,PUB-0019 suggests this could be a mnemonic code for calculations; that suggestion is INTERPRETATION and is recorded separately
173,RD-0034,EV004,"Twelve measured hole diameters in mm: 26.5, 15.4, 18.3, 13.4, 10.4, 17.6, 24.2, 20.15, 8.7, 14.5, 20.6, 14.2",C,PUB-0019,Appendix B tab B1,,2026-08-07,"Measured by the Musee romain d'Avenches (PUB-0040) to 0.01 mm and reproduced in PUB-0019. The only complete twelve-hole dataset in the database. Range 8.7-26.5 mm, a factor of 3.0 within a single object"
174,RD-0034,EV005,"Opposite-hole pairs and their differences: (1,1') 26.5/24.2 = 2.3 mm; (2,2') 15.4/20.15 = 4.75 mm; (3,3') 18.3/8.7 = 9.6 mm; (4,4') 13.4/14.5 = 1.1 mm; (5,5') 10.4/20.6 = 10.2 mm; (6,6') 17.6/14.2 = 3.4 mm",C,PUB-0019,Appendix B tab B1,,2026-08-07,"Differences computed here from the source's measured diameters; the arithmetic is derived, the diameters are observed. No pair is equal and two differ by more than 9 mm, so no single straight rod could pass through those axes"
175,RD-0034,EV006,"Four holes are recorded with two differing diameters, indicating departure from circularity: hole 1 26.46/26.62, hole 6 17.38/17.85, hole 2' 19.9/20.43, hole 4' 14.27/14.68 and hole 5' 20.4/20.83; hole 1' (24.16/25.08) is described as probably elliptic",C,PUB-0019,Appendix B tab B1,,2026-08-07,Direct evidence that holes are not perfectly circular even on a well-made specimen
176,RD-0034,EV012,The measured tolerance of the hole diameters is below 0.2 mm,C,PUB-0019,Appendix B,,2026-08-07,"The source's own assessment of the maker's tolerance. This is the best available evidence of manufacturing precision and it sits alongside the corpus statement that many British specimens are less skilfully made (PUB-0003, 32)"
177,RD-0034,EV025,Aventicum (Avenches); find context not stated in the available source,C,PUB-0019,3.2,,2026-08-07,
178,RD-0035,EV001,"External diameter of the object, excluding the knobs, is 55 mm",B,PUB-0017,200,fig 4,2026-08-07,
179,RD-0035,EV004,"The twelve hole diameters vary from 13.5 to 24 mm; several are repeated: 22 mm three times (faces 2, 3', 5'), 20 mm twice (faces 4, 6) and 14 mm twice (faces 4', 6')",B,PUB-0017,200,fig 3,2026-08-07,"Per-face values for the remaining holes appear on fig 3, which is not legible in the available scan, and are therefore not recorded"
180,RD-0035,EV005,"In two cases the diameters of opposed openings are equal: 20 mm (faces 4 and 4') and 14 mm (faces 6 and 6'). Beyond these coincidences there is no evident regularity in the general distribution of the openings, either in their juxtaposition or in their opposition",B,PUB-0017,200,fig 3,2026-08-07,"KEY OBSERVATION FOR EV005 AND EV039. Duval, who devised the comparative recording method precisely in order to look for such regularity, states that none is evident. He also states explicitly that no conclusion can be drawn from a single specimen"
181,RD-0035,EV014,"There is no regularity in the distribution of the engraved concentric fillets relative to the openings they surround; the only pattern is that they become more numerous as the hole diameter decreases, leaving more room: 4 and 6 fillets for the 14 mm holes, 3 for the 22 mm holes, none for the 23 and 24 mm holes",B,PUB-0017,200,fig 3,2026-08-07,"Duval suggests the reason is probably empirical, ie available space rather than meaning"
182,RD-0035,EV017,"The two largest opposed openings (23 and 24 mm) have a periphery that appears less regularly cut than the others, as if they had been worn by some friction, due for example to a stick that passed through both of them simultaneously",C,PUB-0017,200,fig 3,2026-08-07,"CONFLICTS DIRECTLY WITH THE CORPUS-LEVEL RECORD. PUB-0003, 45 states that the surfaces of dodecahedra generally do not look worn, and PUB-0003, 32 explains exactly this feature - an opposed pair of larger, less regular openings without concentric circles - as production holes arising from the casting process, present in about 70 per cent of specimens. BOTH READINGS ARE PRESERVED. Duval's wording is hedged throughout ('parait', 'comme s'ils avaient ete uses'), it is an appearance on one specimen, and he states that no conclusion can be drawn from it. Confidence C rather than B for that reason. This conflict is the reason EV017 is scored at confidence C at corpus level rather than B"
183,RD-0035,EV025,Collection piece with no known archaeological context,B,PUB-0017,198,,2026-08-07,
184,RD-0036,EV005,"Six opposite-hole pairs in mm: 20.1/20.3, 13.2/13.7, 21.4/22.4, 25/26.5, 15.3/17.3, 13/10.5; face-to-face distance 40 mm",D,PUB-0019,tab III,,2026-08-07,"Within-pair differences 0.2, 0.5, 1.0, 1.5, 2.0 and 2.5 mm. Values reach this project at two removes (PUB-0039 via PUB-0038 via PUB-0019) and no tolerance is stated by any of them"
185,RD-0006,EV005,"Six opposite-hole pairs in mm: 16/16.2, 7.5/8.5, 10.5/12.5, 20/22.5, 12.5/15.5, 16.5/12.5; face-to-face distance 63 mm",D,PUB-0019,tab IV,,2026-08-07,"PUB-0019 tab IV, quoting PUB-0038, whose author states he obtained the exact measurements from the director of the Musee gallo-romain de Tongres. Within-pair differences 0.2, 1.0, 2.0, 2.5, 3.0 and 4.0 mm. POSSIBLE BUT UNCONFIRMED MATCH to RD-0006, which is recorded from PUB-0004 as the Tongeren (Leopoldwal) specimen; PUB-0019 does not give a findspot, only the holding museum. If the museum holds more than one specimen this attribution is wrong. Recorded here with that caveat rather than as a new specimen, to avoid creating a duplicate"
186,RD-0006,EV004,Hole diameters range from 7.5 to 22.5 mm within the single object,D,PUB-0019,tab IV,,2026-08-07,Derived from the tab IV pair listing; same attribution caveat
187,RD-0005,EV025,"Found in situ in Trench 4 in June 2023 by a volunteer, without metal detector use, in what appears to be an excavated hole or quarry pit containing 4th century Roman pottery. Re-investigation in 2024 suggested the feature was a sand quarry pit whose fill contained bone, ceramic building material and 3rd century pottery",B,PUB-0042,excavation account,,2026-08-08,"EXCAVATOR-GRADE CONTEXT, replacing reliance on a newspaper article. CONFLICTS RECORDED: PUB-0003, 34 describes the feature as 'a large pit full of building debris 700 m east of a villa rustica' and this account calls it a sand quarry pit; PUB-0003 places the object on top of the pit, this account says in situ within it; and the pottery is given as 4th century in association but 3rd century in the fill. All readings preserved. The excavators also note the ceramic building material does not appear to originate from the Norton Disney villa, which weakens the association with the villa"
188,RD-0005,EV027,"Fill of the feature contained bone, ceramic building material and 3rd century pottery; 4th century Roman pottery is reported in association with the object",B,PUB-0042,excavation account,,2026-08-08,"No functional equipment of any kind was recovered with it - no poles, cordage tools, textile equipment, weapons or instruments"
189,RD-0005,EV029,Associated with 4th century pottery; deposition estimated at about 1700 years before the 2023 excavation; the pit fill contained 3rd century pottery,B,PUB-0042,excavation account,,2026-08-08,The 3rd-century fill and 4th-century association are not reconciled in the source and are recorded as stated
190,RD-0005,EV012,"Well cast, complete with no damage, in excellent condition; an example of very fine craftsmanship, finished to a high standard",B,PUB-0042,excavation account,,2026-08-08,Corroborates the batch-001 record from PUB-0008
191,RD-0005,EV018,Complete with no damage and in excellent condition,B,PUB-0042,excavation account,,2026-08-08,"IMPORTANT NEGATIVE: the best-preserved specimen in the database, recovered by excavation rather than from ploughsoil, shows no wear and no damage. This is the strongest single support for the corpus-level finding at EV017 and EV018, because it cannot be explained away as post-depositional loss of surface"
192,RD-0005,EV041,Complete and undamaged; no knob wear described,B,PUB-0042,excavation account,,2026-08-08,"NOT a positive statement that the knobs are unworn - the account was not written to answer that question, and no magnification was used. Recorded because RD-0005 is the specimen on which EV041 could most usefully be tested: excavated, complete, uncorroded and curated"
193,RD-0022,EV047,"No findspot of any kind. Known only from the named Henryk Klunder collection, Mainz, now in a private collection in Winterthur. Previously unpublished; published for the first time in 2025",B,PUB-0003,"34, 36",fig 4,2026-08-08,"THE LEAST SECURE SPECIMEN IN THE DATABASE, and one of only three with usable aperture measurements. Unprovenanced, privately held, and first published by a co-author who also maintains the reference catalogue. NO SUGGESTION OF INAUTHENTICITY IS MADE BY ANY SOURCE OR BY THIS PROJECT; the point is that the usual external checks - excavated context, independent publication, institutional custody - are all absent, so nothing corroborates it. It supplies the type 2a case in which all twelve faces are decorated, and one of the two apparent aperture duplicates"
194,RD-0035,EV047,"Collection piece with no known archaeological context, in the possession of the author who published it",B,PUB-0017,198,,2026-08-08,"Duval is a serious scholar publishing a considered method, and nothing impugns the object. But it is unexcavated and privately held, and it is the specimen that PARTLY REFUTES EV043 and that supplies the wear-appearance conflict at EV017. Two of this project's more consequential observations rest on an unprovenanced object"
195,RD-0034,EV047,Held by the Musee romain d'Avenches; find context not stated in the available source,C,PUB-0019,3.2,,2026-08-08,"Institutional custody, which is the best provenance among the measured specimens, but the findspot is not recorded in the source read and the measurements reach this project at one remove. It supplies the ONLY complete twelve-aperture dataset and the sole confirmation of EV043"
196,RD-0020,EV047,"Excavated in 1995 from a sealed destruction layer, published in a peer-reviewed excavation report, held by the Musee archeologique de Jublains",A,PUB-0010,"paras 41, 48",,2026-08-08,"THE ONLY SPECIMEN IN THE DATABASE WHOSE AUTHENTICITY IS SECURED BY CONTEXT. An object lifted from a stratified burnt layer by excavators cannot be a modern forgery. It is also, and not coincidentally, the specimen this project has most often had to fall back on"
197,RD-0034,EV043,"All twelve measured apertures are distinct: 26.5, 15.4, 18.3, 13.4, 10.4, 17.6, 24.2, 20.15, 8.7, 14.5, 20.6 and 14.2 mm. The closest pair differs by 0.3 mm (14.2 and 14.5)",C,PUB-0019,Appendix B tab B1,,2026-08-08,"THE ONLY SPECIMEN IN THE DATABASE WITH A COMPLETE APERTURE SET, and on it no two apertures are the same size. The 0.3 mm minimum separation EXCEEDS the maker's tolerance, which PUB-0019 assesses at below 0.2 mm from the same measurements - so the apertures are separated by more than the workshop's own precision limit. Whether that separation is deliberate or incidental is NOT determined by this observation"
198,RD-0035,EV043,"Diameters are duplicated: 22 mm on three faces, 20 mm on two and 14 mm on two. The engraved rings partly compensate - the two 14 mm apertures carry 4 and 6 fillets respectively - but the three 22 mm apertures are all recorded with 3 fillets",B,PUB-0017,200,fig 3,2026-08-08,"COUNTER-CASE TO RD-0034, and the reason this variable is worth having. Where diameter fails to distinguish two apertures, ring count does so for the 14 mm pair and does NOT for the 22 mm group. Duval's per-face diameters are on fig 3, which is not legible in the available scan, so this rests on his running text alone"
199,RD-0022,EV043,"Two of the four recorded apertures are given as 15 mm, in different opposed pairs (15/17 and 14/15)",B,PUB-0003,36,fig 4,2026-08-08,"WEAK: the source records only four apertures individually and gives the remaining eight as a range, and the figures are stated to the nearest 0.5 cm in places. An apparent duplicate at this resolution does not establish that two apertures were indistinguishable"
200,RD-0037,EV014,Ten faces decorated with concentric circles of varying size; two faces remain smooth,B,PUB-0044,ED 4271,,2026-08-08,"INDEPENDENT CORROBORATION OF THE TEN-OF-TWELVE RULE, from a museum record unconnected to PUB-0003, PUB-0010 or PUB-0017. Until now that rule rested on one corpus statement plus two specimens. This is the second source the evidence-base audit identified as missing"
201,RD-0037,EV046,"The museum records the height as 7.1 cm 'between the smooth faces', which implies the two undecorated faces lie opposite one another",B,PUB-0044,ED 4271,,2026-08-08,"INDEPENDENT CORROBORATION OF THE MARKED AXIS. The phrasing is the museum's own and was not written to make any point about orientation, which makes it good evidence. EV046 remains non-discriminating because it still describes the same physical feature as EV013; a second source removes the single-voice problem but not the double-counting one"
202,RD-0037,EV016,"Hollow cast, with the knobs attached by soldering",B,PUB-0044,ED 4271,,2026-08-08,"SECOND INDEPENDENT SOURCE FOR SOLDERED KNOBS, after PUB-0010 para 48 on the Jublains specimen. This weakens the conflict previously recorded against the PAS description of RD-0014 as cast in one piece: two institutional records now describe separately attached knobs"
203,RD-0037,EV001,"Height 7.1 cm between the smooth faces including the feet, 6.2 cm without the feet; width 8.2 cm; depth 8.5 cm",B,PUB-0044,ED 4271,,2026-08-08,The 6.2 / 7.1 / 8.2 / 8.5 cm spread on a single object is a further instance of the departure from regular geometry recorded at EV010
204,RD-0037,EV011,Bronze,B,PUB-0044,ED 4271,,2026-08-08,
205,RD-0037,EV025,"Provenance given as France (?), attributed to Gaul (?); purchased 1825 from the Durand collection",B,PUB-0044,ED 4271,,2026-08-08,Both queries are the museum's own. No findspot; an early-19th-century collection purchase
206,RD-0038,EV001,Height 7.5 cm,C,PUB-0045,,,2026-08-08,Via search-engine extract; the museum page returned HTTP 403
207,RD-0038,EV025,"Found at Elst, Overbetuwe, Gelderland; donated to the museum in November 1876",C,PUB-0045,,,2026-08-08,First Netherlands findspot in the database. The Netherlands is named in PUB-0010 among the countries of the known distribution but was unrepresented here
208,RD-0038,EV029,"Museum dating: Roman period, 1-300 AD",C,PUB-0045,,,2026-08-08,"CONFLICTS WITH EV029, which records the corpus window as c AD 200 to the late 4th century. Museum period ranges are commonly loose and this is recorded as a conflict, not as a correction to the corpus chronology"
209,RD-0039,EV025,"Findspot given by the museum as Reims (?), Marne; from the Joseph de Baye collection",C,PUB-0046,,,2026-08-08,The query is the museum's own
210,RD-0039,EV030,The Musee d'Archeologie nationale holds four dodecahedra,C,PUB-0046,,,2026-08-08,"RELEVANT TO EV030, which has no corpus observation. Four specimens in one institution is a collection fact, not a site fact, and does NOT bear on whether multiple specimens occur at one findspot. Recorded because three of those four are not yet in this database"
211,RD-0001,EV010,Each of the twelve faces is 38 mm in length and width; plate thickness 3 mm; knobs roughly 9 mm high and 9 to 10 mm in diameter; maximum diameter 82 mm,B,PUB-0006,BH-692011,,2026-08-08,"Full PAS record, supplied directly. Adds face dimensions and confirms the figures previously recorded. The record also states Preservation grade 2, method of manufacture Cast, completeness Complete, and flags the find as of note with potential for inclusion in Britannia"
212,RD-0001,EV007,All of the apertures have slightly bevelled rounded edges,B,PUB-0006,BH-692011,,2026-08-08,"FIRST OBSERVATION FOR EV007, which had none. Bears on prediction P-0005, which expects bevelled rather than square-cut lips"
213,RD-0001,EV029,"Dated by the recorder to the Roman period as a whole, AD 43-410",B,PUB-0006,BH-692011,,2026-08-08,"A default period range for an unstratified detector find, not an independent dating. It should not be read as widening the corpus window recorded at EV029"
214,RD-0015,EV029,Dated by the aggregator record to AD 301-399,C,PUB-0047,I.7108,,2026-08-08,FIRST DATING FOR THIS SPECIMEN. Consistent with the corpus window
215,RD-0015,EV011,Material given as lead and bronze,C,PUB-0047,I.7108,,2026-08-08,"Corroborates the PUB-0011 record and, with the 18 per cent lead measured on RD-0005, supports the reading of the alloy as a casting alloy rather than a structural bronze"
216,RD-0038,EV004,"Each face carries one hole, and the holes are of differing size; knobs at the intersections",B,PUB-0045,,,2026-08-08,The museum's own description. Independent corroboration of the one-aperture-per-face rule and of size variation within an object
217,RD-0038,EV047,"Found at Elst; catalogued as Guggenberger no 75, type 2a, year of discovery 1875; donated to the museum in November 1876; inventory number ENc",B,PUB-0023,no 75,,2026-08-08,Provenance secured by two independent records agreeing on findspot and date: the reference catalogue gives discovery in 1875 and the museum gives donation in November 1876
218,RD-0040,EV014,"Rings are engraved as a group at the PERIPHERY of each face, close to the pentagon edges, with a broad plain annulus between the aperture and the innermost ring. Counted from the photograph, faces with larger apertures carry fewer rings, about two, and faces with smaller apertures carry more, about three to four. The uppermost face in the image appears plain",D,PUB-0048,,Europeana 325/HCM157,2026-08-09,"COUNTED FROM A PHOTOGRAPH at oblique angles; the counts are approximate and the faces away from the camera cannot be read at all. Two points are nonetheless legible. The rings are placed relative to the FACE EDGE rather than packed outward from the aperture, which is what EXP-0005 predicts if the engraver works inward from the geometric limit. And the inverse relation between aperture size and ring count follows the Vienne rule (RD-0035) rather than the constant count of Jublains (RD-0020). The apparently plain uppermost face is consistent with the undecorated opposed pair, but only one of the two is visible so this cannot be confirmed"
219,RD-0040,EV041,"Bright, unpatinated yellow metal is exposed on the crown of every visible knob, against a dark green-brown patina covering all faces, recesses and engraved rings. The exposure is confined to the outermost point of each knob and is consistent across all knobs regardless of their orientation in the photograph",D,PUB-0048,,Europeana 325/HCM157,2026-08-09,"OBSERVED FROM A PHOTOGRAPH, NOT FROM THE OBJECT, AND BY A NON-SPECIALIST. What is certain is that patina has been lost preferentially from the high points. What that means is NOT settled by the image, and the most economical explanation is not ancient use. PATINA FORMS DURING BURIAL. Wear inflicted in antiquity, before deposition, would have been covered by burial patina and would not be bright today. Bright metal therefore indicates patina removed AFTER excavation - by cleaning, polishing, mounting or handling. This is a collection piece with no findspot, acquired before 1985, which is precisely the class of object that gets polished. THE COUNTER-ARGUMENT, which the image cannot settle: wear leaves a SHAPE signature as well as a colour one. Flattening or facetting of the knob crowns beyond their cast form would survive burial and repatination and could not be produced by dusting. Several crowns appear broad and flat in the image, but that cannot be separated from casting form and lighting at this resolution. WHAT WOULD SETTLE IT: whether any polish is directional, whether it cuts through corrosion products or underlies them, and whether the crown profile departs from the cast form of the unworn knobs"
220,RD-0001,EV041,In six published views the knobs are covered by the same mid-green corrosion and pale mineral encrustation as the rest of the object; no bright metal is exposed anywhere. Reddish cuprite shows where the outer layer has been lost on several knobs,D,PUB-0006,BH-692011,docs/sources/Roman dodecahedron.jpg,2026-08-09,"OBSERVED FROM PHOTOGRAPHS. THE CONTROL CASE, and the reason the RD-0040 image is worth recording at all. This specimen is a ploughsoil metal-detector find that has not been polished, and its knobs are indistinguishable in surface condition from its faces. The contrast with RD-0040 shows that bright knob crowns are not simply how a bronze dodecahedron looks, but it equally shows what an uncleaned specimen looks like - which is the state in which the microwear question must be asked. NOTE the tension with the PAS record's own wording for this object, which reports 'several areas of abrasion around the base of most knops': at photographic resolution that abrasion is not distinguishable from the general corrosion and plough damage the same record describes"
221,RD-0001,EV041,Abrasion present around the base of most knobs,B,PUB-0006,BH-692011,,2026-08-08,"THE ONLY POSITIVE KNOB-WEAR RECORD IN THE CORPUS, and the reason EV041 was created. The corpus-wide statement that the surfaces generally do not look worn (PUB-0003, 45) was made about faces and interiors; it does not address the knobs and their necks. Whether this abrasion is use wear or post-depositional damage is NOT determined - the same record describes several faces as pitted or gouged and the patina as patchy, which points to ploughing and corrosion. Recorded as an open question, not as evidence of use"
222,RD-0002,EV041,One knob broken off and retained loose; remaining knobs intact; no wear described,B,PUB-0006,YORYM-41CD72,,2026-08-08,Absence of a wear description is not a negative observation; the PAS record was not made to answer this question
223,RD-0013,EV041,"Knob diameters 14.28, 13.92, 13.46 and 14.01 mm across four fragments; no wear or asymmetry described",B,PUB-0006,LIN-8BA9C4,,2026-08-08,"Recorded because closely matched knob diameters across fragments of one object bear on EV009 and would also bear on differential wear, had any been described"
224,RD-0029,EV025,"One of the best British examples is in the Society of Antiquaries collection, from Carmarthen",B,PUB-0016,273,,2026-08-07,"Corroborates the SAL photograph credit in PUB-0003, 35 fig 3. The same note records that a further Welsh dodecahedron was communicated on 12 March 1846 by the Rev Edward Harries of Llandysilio and is no 41 in de Saint-Venant's list; only the first page of the note is available, so that specimen is NOT matched to an RD_ID"
